a,b,c,delta,x1,x2,verticeX,verticeY
1,-3,4,-7,,,3/2,7/4
1,-3,-4,25,4,-1,3/2,-25/4
1,0,-4,16,2,-2,0,-4
1,9,2,73,-0.2279981273412348,-8.772001872658766,-9/2,-73/4
1,-3,-4,25,4,-1,3/2,-25/4
1,-5,6,1,3,2,5/2,-1/4
1,-8,12,16,6,2,4,-4
1,2,-8,36,2,-4,-1,-9
7,3,4,-103,,,-3/14,103/28
1,-3,-4,25,4,-1,3/2,-25/4
1,-3,-4,25,4,-1,3/2,-25/4
