a,b,c,delta,x1,x2,verticeX,verticeY
1,-3,4,-7,,,3/2,7/4
1,-3,-4,25,4,-1,3/2,-25/4
1,0,-4,16,2,-2,0,-4
1,9,2,73,-0.2279981273412348,-8.772001872658766,-9/2,-73/4
1,-3,-4,25,4,-1,3/2,-25/4
